{
  "cities": {
    "__readonly__": "This profile is read only and cannot be modified! If you want to make a new profile based on this then you can make a copy to a new name",
    "cityLevel4Height": 76,
    "cityAvoidVoid": true,
    "cityMaxRadius": 128,
    "cityMaxHeight": 150,
    "citySpawnDistance1": 0,
    "citySpawnDistance2": 0,
    "cityLevel0Height": 50,
    "cityLevel6Height": 92,
    "cityPerlinOffset": 0.1,
    "cityPerlinScale": 3.0,
    "cityLevel3Height": 68,
    "cityMinRadius": 50,
    "cityLevel1Height": 56,
    "cityStyleThreshold": -1.0,
    "cityLevel5Height": 84,
    "cityChance": 0.029999999329447746,
    "cityThreshold": 0.2,
    "cityStyleAlternative": "",
    "cityPerlinInnerScale": 0.1,
    "cityMinHeight": 50,
    "cityLevel2Height": 62,
    "oceanCorrectionBorder": 4,
    "cityLevel7Height": 100,
    "citySpawnMultiplier1": 1.0,
    "citySpawnMultiplier2": 1.0
  },
  "client": {
    "__readonly__": "This profile is read only and cannot be modified! If you want to make a new profile based on this then you can make a copy to a new name",
    "horizon": 0.0,
    "fogDensity": -1.0,
    "fogBlue": -1.0,
    "fogRed": -1.0,
    "fogGreen": -1.0
  },
  "explosions": {
    "__readonly__": "This profile is read only and cannot be modified! If you want to make a new profile based on this then you can make a copy to a new name",
    "explosionMaxRadius": 35,
    "explosionMinRadius": 15,
    "explosionMinHeight": 75,
    "miniExplosionChance": 0.03,
    "miniExplosionMaxHeight": 100,
    "miniExplosionMaxRadius": 12,
    "debrisToNearbyChunkFactor": 200,
    "explosionChance": 0.002,
    "explosionMaxHeight": 90,
    "miniExplosionMinRadius": 5,
    "explosionsInCitiesOnly": true,
    "miniExplosionMinHeight": 60
  },
  "lostcity": {
    "__readonly__": "This profile is read only and cannot be modified! If you want to make a new profile based on this then you can make a copy to a new name",
    "spawnCheckRadius": 200,
    "highwaySupports": false,
    "ruinChance": 0.05,
    "groundLevel": 50,
    "railwayStationsEnabled": false,
    "buildingChance": 0.3,
    "parkStreetThreshold": 3,
    "railwaysCanEnd": true,
    "buildingMaxFloorsChance": 6,
    "bedrockLayer": 1,
    "liquidBlock": "minecraft:water",
    "rubbleLayer": true,
    "buildingMinFloors": 0,
    "seaLevel": -1,
    "rubbleDirtScale": 3.0,
    "fountainChance": 0.05,
    "warning": "Preferably use this in combination with the Lost Worlds 'islands' world type",
    "highwaySecondaryPerlinScale": 10.0,
    "spawnNotInBuilding": false,
    "bridgeSupports": true,
    "worldStyle": "standard",
    "buildingMaxFloors": 8,
    "avoidFoliage": false,
    "buildingMinCellars": 0,
    "railwaySurfaceStationsEnabled": true,
    "buildingFrontChance": 0.2,
    "baseBlock": "minecraft:stone",
    "ruinMaxlevelPercent": 1.0,
    "useAvgHeightmap": false,
    "spawnBiome": "",
    "avoidWater": false,
    "railwaysEnabled": false,
    "highwayRequiresTwoCities": true,
    "parkBorder": true,
    "editMode": false,
    "spawnCity": "",
    "randomLeafBlockChance": 0.1,
    "rubbleLeaveScale": 6.0,
    "vineChance": 0.009,
    "highwayLevelFromCities": 0,
    "highwayPerlinFactor": 2.0,
    "bridgeChance": 0.7,
    "ruinMinlevelPercent": 0.8,
    "spawnRadiusIncrease": 100,
    "buildingDoorwayChance": 0.6,
    "icon": "textures/gui/icon_floating.png",
    "parkElevation": true,
    "description": "Cities on floating islands",
    "spawnSphere": "",
    "forceSpawnInBuilding": false,
    "terrainFixUpperMinOffset": -1,
    "forceSpawnParts": [],
    "highwayDistanceMask": 15,
    "terrainFixUpperMaxOffset": 1,
    "generateLoot": true,
    "terrainFixLowerMaxOffset": -3,
    "chestWithoutLootChance": 0.2,
    "terrainFixLowerMinOffset": -4,
    "multiUseCorner": false,
    "extraDescription": "Note! No mineshafts or strongholds in this profile!",
    "landscapeType": "floating",
    "generateLighting": false,
    "forceSpawnBuildings": [],
    "generateSpawners": true,
    "buildingMinFloorsChance": 4,
    "buildingWithoutLootChance": 0.2,
    "railwayDungeonChance": 0.01,
    "generateNether": false,
    "parkChance": 0.2,
    "corridorChance": 0.7,
    "randomLeafBlockThickness": 2,
    "buildingMaxCellars": 1,
    "spawnCheckAttempts": 20000,
    "highwayMainPerlinScale": 50.0,
    "scatteredChanceMultiplier": 1.0
  },
  "cityspheres": {
    "__readonly__": "This profile is read only and cannot be modified! If you want to make a new profile based on this then you can make a copy to a new name",
    "citySphereFactor": 1.2,
    "citySphereChance": 0.7,
    "outsideProfile": "",
    "outsideGroundLevel": -1,
    "onlyPredefined": false,
    "citySphereClearBelow": 0,
    "citySphereClearBelowUntilAir": false,
    "monorailOffset": -2,
    "outsideSurfaceVariation": 1.0,
    "monorailChance": 0.8,
    "citySphereClearAbove": 0,
    "citySphereClearAboveUntilAir": false,
    "sphereSurfaceVariation": 1.0,
    "grid32": false
  },
  "public": true
}